{
  "signal_type_distribution": {
    "title": "信号类型分布",
    "description": "各种信号类型在总信号中的占比",
    "data": {
      "PAGING": 0.07263888888888889,
      "ATTACH_REQUEST": 0.06972222222222223,
      "HANDOVER_REQUEST": 0.06861111111111111,
      "HANDOVER_COMPLETE": 0.06819444444444445,
      "SERVICE_REQUEST": 0.06819444444444445,
      "HANDOVER_COMMAND": 0.0675,
      "DETACH_REQUEST": 0.06708333333333333,
      "RRC_CONNECTION_SETUP_COMPLETE": 0.06625,
      "ATTACH_COMPLETE": 0.06625,
      "SERVICE_ACCEPT": 0.06597222222222222,
      "RRC_CONNECTION_REQUEST": 0.06541666666666666,
      "DETACH_ACCEPT": 0.06458333333333334,
      "RRC_CONNECTION_RELEASE": 0.06444444444444444,
      "RRC_CONNECTION_SETUP": 0.06402777777777778,
      "ATTACH_ACCEPT": 0.06111111111111111
    }
  },
  "status_distribution": {
    "title": "状态分布",
    "description": "各种状态在总记录中的占比",
    "data": {
      "SUCCESS": 0.8506944444444444,
      "FAILED": 0.051805555555555556,
      "TIMEOUT": 0.0375,
      "REJECTED": 0.032916666666666664,
      "PENDING": 0.027083333333333334
    }
  },
  "base_station_distribution": {
    "title": "基站分布",
    "description": "各基站数据记录在总记录中的占比",
    "data": {
      "城东-商业区基站": 0.2,
      "城西-住宅区基站": 0.2,
      "城北-工业园区基站": 0.2,
      "城南-大学城基站": 0.2,
      "市中心-商业区基站": 0.2
    }
  },
  "avg_success_failure_rate": {
    "title": "平均成功/失败率",
    "description": "通信成功率与失败率的平均分布",
    "data": {
      "成功率": 0.8577264702900567,
      "失败率": 0.1422735297099433
    }
  },
  "resource_usage_distribution": {
    "title": "资源块使用率分布",
    "description": "不同资源块使用率区间的分布",
    "data": {
      "25-50%": 0.4170833333333333,
      "75-100%": 0.3333333333333333,
      "50-75%": 0.15069444444444444,
      "0-25%": 0.09888888888888889
    }
  },
  "cpu_usage_distribution": {
    "title": "CPU使用率分布",
    "description": "不同CPU使用率区间的分布",
    "data": {
      "25-50%": 0.41180555555555554,
      "75-100%": 0.2847222222222222,
      "50-75%": 0.16777777777777778,
      "0-25%": 0.09902777777777778,
      ">100%": 0.03666666666666667
    }
  },
  "memory_usage_distribution": {
    "title": "内存使用率分布",
    "description": "不同内存使用率区间的分布",
    "data": {
      "25-50%": 0.3809722222222222,
      "75-100%": 0.24555555555555555,
      "50-75%": 0.19972222222222222,
      "0-25%": 0.11652777777777777,
      ">100%": 0.05722222222222222
    }
  },
  "temperature_distribution": {
    "title": "温度分布",
    "description": "不同温度区间的分布",
    "data": {
      "35-40°C": 0.25666666666666665,
      "40-45°C": 0.24833333333333332,
      "25-30°C": 0.2477777777777778,
      "30-35°C": 0.24722222222222223
    }
  }
}