{
  "基站分布": {
    "data": {
      "城东-商业区基站": 1440,
      "城西-住宅区基站": 1440,
      "城北-工业园区基站": 1440,
      "城南-大学城基站": 1440,
      "市中心-商业区基站": 1440
    },
    "description": "各基站数据记录占比"
  },
  "信号类型分布": {
    "data": {
      "PAGING": 523,
      "ATTACH_REQUEST": 502,
      "HANDOVER_REQUEST": 494,
      "HANDOVER_COMPLETE": 491,
      "SERVICE_REQUEST": 491,
      "HANDOVER_COMMAND": 486,
      "DETACH_REQUEST": 483,
      "RRC_CONNECTION_SETUP_COMPLETE": 477,
      "ATTACH_COMPLETE": 477,
      "SERVICE_ACCEPT": 475,
      "RRC_CONNECTION_REQUEST": 471,
      "DETACH_ACCEPT": 465,
      "RRC_CONNECTION_RELEASE": 464,
      "RRC_CONNECTION_SETUP": 461,
      "ATTACH_ACCEPT": 440
    },
    "description": "不同信号类型的占比"
  },
  "状态分布": {
    "data": {
      "SUCCESS": 6125,
      "FAILED": 373,
      "TIMEOUT": 270,
      "REJECTED": 237,
      "PENDING": 195
    },
    "description": "不同状态的占比"
  },
  "平均成功失败率": {
    "data": {
      "成功率": 0.8577264702900567,
      "失败率": 0.1422735297099433
    },
    "description": "平均成功率与失败率分布"
  },
  "资源块使用率分布": {
    "data": {
      "25-50%": 3003,
      "75-100%": 2400,
      "50-75%": 1085,
      "0-25%": 712
    },
    "description": "资源块使用率的区间分布"
  },
  "CPU使用率分布": {
    "data": {
      "25-50%": 2965,
      "75-100%": 2050,
      "50-75%": 1208,
      "0-25%": 713,
      ">100%": 264
    },
    "description": "CPU使用率的区间分布"
  },
  "内存使用率分布": {
    "data": {
      "25-50%": 2743,
      "75-100%": 1768,
      "50-75%": 1438,
      "0-25%": 839,
      ">100%": 412
    },
    "description": "内存使用率的区间分布"
  },
  "温度分布": {
    "data": {
      "35-40°C": 1848,
      "40-45°C": 1788,
      "25-30°C": 1784,
      "30-35°C": 1780
    },
    "description": "基站温度的区间分布"
  },
  "各基站平均信号强度": {
    "data": {
      "城东-商业区基站": 95.28718662292695,
      "城北-工业园区基站": 95.12966586880897,
      "城南-大学城基站": 94.98767056358223,
      "城西-住宅区基站": 94.77033651498667,
      "市中心-商业区基站": 94.98906454675028
    },
    "description": "各基站的平均信号强度分布（绝对值）"
  },
  "各基站平均下行吞吐量": {
    "data": {
      "城东-商业区基站": 720.4582096789392,
      "城北-工业园区基站": 722.9670828284777,
      "城南-大学城基站": 691.4348715396022,
      "城西-住宅区基站": 714.9190395580546,
      "市中心-商业区基站": 717.0846061611559
    },
    "description": "各基站的平均下行吞吐量分布"
  }
}